parent,term,tree
,CDM methodology,cdmMethodology
CDM methodology,AM0001,cdmMethodology
CDM methodology,AM0007,cdmMethodology
CDM methodology,AM0009,cdmMethodology
CDM methodology,AM0014,cdmMethodology
CDM methodology,AM0017,cdmMethodology
CDM methodology,AM0018,cdmMethodology
CDM methodology,AM0019,cdmMethodology
CDM methodology,AM0020,cdmMethodology
CDM methodology,AM0021,cdmMethodology
CDM methodology,AM0023,cdmMethodology
CDM methodology,AM0024,cdmMethodology
CDM methodology,AM0025,cdmMethodology
CDM methodology,AM0026,cdmMethodology
CDM methodology,AM0027,cdmMethodology
CDM methodology,AM0028,cdmMethodology
CDM methodology,AM0029,cdmMethodology
CDM methodology,AM0030,cdmMethodology
CDM methodology,AM0031,cdmMethodology
CDM methodology,AM0034,cdmMethodology
CDM methodology,AM0035,cdmMethodology
CDM methodology,AM0036,cdmMethodology
CDM methodology,AM0037,cdmMethodology
CDM methodology,AM0038,cdmMethodology
CDM methodology,AM0039,cdmMethodology
CDM methodology,AM0041,cdmMethodology
CDM methodology,AM0042,cdmMethodology
CDM methodology,AM0043,cdmMethodology
CDM methodology,AM0044,cdmMethodology
CDM methodology,AM0045,cdmMethodology
CDM methodology,AM0046,cdmMethodology
CDM methodology,AM0047,cdmMethodology
CDM methodology,AM0048,cdmMethodology
CDM methodology,AM0049,cdmMethodology
CDM methodology,AM0050,cdmMethodology
CDM methodology,AM0051,cdmMethodology
CDM methodology,AM0052,cdmMethodology
CDM methodology,AM0053,cdmMethodology
CDM methodology,AM0054,cdmMethodology
CDM methodology,AM0055,cdmMethodology
CDM methodology,AM0056,cdmMethodology
CDM methodology,AM0057,cdmMethodology
CDM methodology,AM0058,cdmMethodology
CDM methodology,AM0059,cdmMethodology
CDM methodology,AM0060,cdmMethodology
CDM methodology,AM0061,cdmMethodology
CDM methodology,AM0062,cdmMethodology
CDM methodology,AM0063,cdmMethodology
CDM methodology,AM0064,cdmMethodology
CDM methodology,AM0065,cdmMethodology
CDM methodology,AM0066,cdmMethodology
CDM methodology,AM0067,cdmMethodology
CDM methodology,AM0068,cdmMethodology
CDM methodology,AM0069,cdmMethodology
CDM methodology,AM0070,cdmMethodology
CDM methodology,AM0071,cdmMethodology
CDM methodology,AM0072,cdmMethodology
CDM methodology,AM0073,cdmMethodology
CDM methodology,AM0074,cdmMethodology
CDM methodology,ACM0001,cdmMethodology
CDM methodology,ACM0002,cdmMethodology
CDM methodology,ACM0003,cdmMethodology
CDM methodology,ACM0005,cdmMethodology
CDM methodology,ACM0006,cdmMethodology
CDM methodology,ACM0007,cdmMethodology
CDM methodology,ACM0008,cdmMethodology
CDM methodology,ACM0009,cdmMethodology
CDM methodology,ACM0010,cdmMethodology
CDM methodology,ACM0011,cdmMethodology
CDM methodology,ACM0012,cdmMethodology
CDM methodology,ACM0013,cdmMethodology
CDM methodology,ACM0014,cdmMethodology
CDM methodology,ACM0015,cdmMethodology
CDM methodology,AR-AM0001,cdmMethodology
CDM methodology,AR-AM0002,cdmMethodology
CDM methodology,AR-AM0004,cdmMethodology
CDM methodology,AR-AM0005,cdmMethodology
CDM methodology,AR-AM0006,cdmMethodology
CDM methodology,AR-AM0007,cdmMethodology
CDM methodology,AR-AM0008,cdmMethodology
CDM methodology,AR-AM0009,cdmMethodology
CDM methodology,AR-AM0010,cdmMethodology
CDM methodology,AR-ACM0001,cdmMethodology
CDM methodology,AMS-I.A.,cdmMethodology
CDM methodology,AMS-I.B.,cdmMethodology
CDM methodology,AMS-I.C.,cdmMethodology
CDM methodology,AMS-I.D.,cdmMethodology
CDM methodology,AMS-I.E.,cdmMethodology
CDM methodology,AMS-II.A.,cdmMethodology
CDM methodology,AMS-II.B.,cdmMethodology
CDM methodology,AMS-II.C.,cdmMethodology
CDM methodology,AMS-II.D.,cdmMethodology
CDM methodology,AMS-II.E.,cdmMethodology
CDM methodology,AMS-II.F.,cdmMethodology
CDM methodology,AMS-II.G.,cdmMethodology
CDM methodology,AMS-II.H.,cdmMethodology
CDM methodology,AMS-II.I.,cdmMethodology
CDM methodology,AMS-II.J.,cdmMethodology
CDM methodology,AMS-III.A.,cdmMethodology
CDM methodology,AMS-III.B.,cdmMethodology
CDM methodology,AMS-III.C.,cdmMethodology
CDM methodology,AMS-III.D.,cdmMethodology
CDM methodology,AMS-III.E.,cdmMethodology
CDM methodology,AMS-III.F.,cdmMethodology
CDM methodology,AMS-III.G.,cdmMethodology
CDM methodology,AMS-III.H.,cdmMethodology
CDM methodology,AMS-III.I.,cdmMethodology
CDM methodology,AMS-III.J.,cdmMethodology
CDM methodology,AMS-III.K.,cdmMethodology
CDM methodology,AMS-III.L.,cdmMethodology
CDM methodology,AMS-III.M.,cdmMethodology
CDM methodology,AMS-III.N.,cdmMethodology
CDM methodology,AMS-III.O.,cdmMethodology
CDM methodology,AMS-III.P,cdmMethodology
CDM methodology,AMS-III.Q,cdmMethodology
CDM methodology,AMS-III.R.,cdmMethodology
CDM methodology,AMS-III.S.,cdmMethodology
CDM methodology,AMS-III.T.,cdmMethodology
CDM methodology,AMS-III.U,cdmMethodology
CDM methodology,AMS-III.V,cdmMethodology
CDM methodology,AMS-III.W,cdmMethodology
CDM methodology,AMS-III.X.,cdmMethodology
CDM methodology,AMS-III.Y.,cdmMethodology
CDM methodology,AR-AMS0001,cdmMethodology
CDM methodology,AR-AMS0002,cdmMethodology
CDM methodology,AR-AMS0003,cdmMethodology
CDM methodology,AR-AMS0004,cdmMethodology
CDM methodology,AR-AMS0005,cdmMethodology